ID1,Id2,Id2,ID3,Age,kg,kg,cm,DOB,Study,Grade
?,?,?,?,?,?,?,?,?,?,?
?,?,?,?,?,?,?,?,?,?,?
?,?,?,?,?,?,?,?,?,?,?
2748,1847,1847,2898,48,80,80,151,11/13/1990,Ph.D.,A-
1171,2077,2077,4124,51,57,57,165,8/4/1988,Doctorate,F-
1732,3784,3784,1402,50,101,101,194,11/11/1989,Doctorate,D-
4394,4799,4799,1141,45,90,90,171,12/26/1995,Ph.D.,A+
1712,2382,2382,3188,35,81,81,156,4/26/1998,Bachelor,C-
1727,4444,4444,2508,38,64,64,167,10/11/1995,Doctorate,A+
2548,1527,1527,2823,40,88,88,162,2/10/1985,Doctorate,B+
256,3598,3598,1337,55,95,95,163,2/1/1987,Doctorate,B-
1867,1372,1372,3748,36,105,105,196,6/8/1998,Bachelor,F+
4089,2497,2497,866,40,96,96,180,3/18/1987,Master,D-
1697,3628,3628,4174,58,64,64,173,6/17/1986,Ph.D.,F+
801,1837,1837,4264,59,87,87,179,9/17/1998,Master,A-
1382,4454,4454,371,56,68,68,197,4/20/1986,Master,F-
3148,2938,2938,2923,56,78,78,197,8/15/1985,Doctorate,A+
4724,3573,3573,1947,29,103,103,182,1/2/1986,Bachelor,C-
1622,3313,3313,2778,33,79,79,179,12/22/1991,Master,B-
4299,1131,1131,2122,27,87,87,187,8/23/1985,Bachelor,C-
3193,4984,4984,1782,46,104,104,181,1/3/1991,Master,D-
4944,1337,1337,1857,33,59,59,177,5/19/1995,Ph.D.,C+
3093,426,426,3498,33,86,86,164,2/21/1993,Ph.D.,B+
3238,166,166,3874,57,93,93,194,11/17/1998,Master,C+
4339,3158,3158,1016,24,78,78,151,9/8/1986,Master,F-
4809,1997,1997,4384,58,51,51,184,12/28/1991,Doctorate,D+
1231,636,636,2312,39,56,56,165,8/1/1991,Master,A+
4214,4414,4414,2307,41,76,76,199,6/12/1998,Doctorate,A-
3068,4919,4919,3583,24,66,66,171,2/20/1987,Doctorate,A+
2608,2442,2442,3483,21,91,91,193,7/27/1994,Doctorate,F+
2573,2918,2918,4379,27,85,85,185,5/16/1990,Bachelor,B-
341,926,926,16,48,65,65,186,3/1/1992,Doctorate,A-
3183,4569,4569,1927,50,84,84,192,12/15/1997,Doctorate,A-
4289,3173,3173,561,33,71,71,182,8/6/1993,Bachelor,D-
4229,556,556,716,49,98,98,172,1/28/1985,Doctorate,A+
4964,3233,3233,2447,30,97,97,191,9/24/1991,Doctorate,F-
2568,4384,4384,701,28,86,86,167,4/6/1985,Bachelor,A+
2593,4199,4199,3373,28,90,90,177,4/22/1992,Master,A+
371,4394,4394,1267,32,81,81,197,10/14/1995,Bachelor,B+
2342,456,456,4339,48,90,90,192,10/23/1990,Ph.D.,A-
2332,3463,3463,4094,45,61,61,155,9/2/1995,Doctorate,A+
3929,3929,3929,826,33,104,104,150,7/8/1985,Ph.D.,F+
2648,1066,1066,3548,28,56,56,186,7/10/1987,Ph.D.,C-
976,941,941,1201,47,63,63,152,6/10/1986,Bachelor,B+
4834,1051,1051,4559,23,53,53,193,12/30/1996,Ph.D.,C+
576,826,826,4744,40,91,91,175,10/15/1995,Ph.D.,C-
2027,71,71,1176,48,61,61,168,7/16/1996,Bachelor,D-
3789,4664,4664,4674,22,88,88,178,12/18/1994,Bachelor,F+
3718,3483,3483,1287,35,56,56,165,7/15/1998,Master,D-
2422,2863,2863,2262,26,81,81,183,1/28/1997,Doctorate,A-
3974,3673,3673,4184,22,75,75,156,8/29/1986,Doctorate,D+
456,1917,1917,2658,30,98,98,177,12/23/1997,Bachelor,D+
2543,2097,2097,3779,28,59,59,161,12/11/1993,Master,B+
4484,4564,4564,696,28,82,82,158,9/28/1991,Bachelor,B+
1076,4784,4784,161,26,87,87,174,11/20/1995,Ph.D.,C-
2147,796,796,4364,49,87,87,152,9/6/1997,Ph.D.,B-
236,3563,3563,3914,41,73,73,195,3/24/1992,Ph.D.,F+
131,4734,4734,3128,52,105,105,158,8/16/1991,Master,B-
3508,4679,4679,2097,30,62,62,191,1/22/1990,Bachelor,A-
3073,3954,3954,1952,56,95,95,163,5/4/1991,Master,B-
3298,661,661,4679,52,74,74,169,5/30/1996,Bachelor,D-
4154,3844,3844,3588,30,90,90,158,4/5/1988,Ph.D.,A-
2002,4629,4629,4429,47,60,60,199,2/10/1995,Ph.D.,D+
1116,4074,4074,356,39,87,87,198,2/19/1996,Ph.D.,C-
2357,641,641,1001,44,57,57,161,8/7/1990,Ph.D.,A-
4164,2633,2633,1647,44,100,100,196,7/31/1991,Ph.D.,F+
3924,3248,3248,3919,33,99,99,171,5/22/1992,Ph.D.,B+
4109,1482,1482,411,32,79,79,187,5/11/1988,Master,F+
876,226,226,3568,23,95,95,197,1/19/1988,Doctorate,B+
221,3558,3558,4909,37,86,86,199,2/6/1987,Master,A-
3523,2738,2738,3628,56,73,73,152,11/8/1992,Ph.D.,A-
2227,1752,1752,3693,43,51,51,187,2/8/1987,Bachelor,A-
3984,4549,4549,2723,41,89,89,161,6/8/1996,Bachelor,A+
766,2082,2082,3153,45,68,68,186,12/2/1998,Doctorate,D-
126,1252,1252,2938,45,70,70,168,7/19/1989,Doctorate,D+
2843,4239,4239,1822,30,94,94,195,4/25/1987,Bachelor,B+
4559,3188,3188,96,48,60,60,199,5/29/1996,Bachelor,B-
3123,3909,3909,1241,53,85,85,158,9/24/1993,Doctorate,C-
3658,4769,4769,1627,59,69,69,181,11/15/1989,Doctorate,C+
1302,2147,2147,996,48,70,70,150,4/27/1997,Ph.D.,C+
2497,1412,1412,2427,29,94,94,170,10/25/1991,Master,D-
3003,4089,4089,711,44,80,80,153,2/13/1990,Master,D+
1882,4979,4979,3413,54,100,100,183,6/10/1998,Ph.D.,B-
966,3849,3849,2452,22,100,100,153,4/14/1986,Doctorate,B+
2898,3688,3688,551,48,91,91,168,4/10/1997,Ph.D.,D+
2893,4964,4964,121,29,63,63,199,9/1/1993,Ph.D.,D-
4729,3648,3648,271,22,62,62,199,8/25/1990,Bachelor,B+
4104,541,541,4084,55,105,105,184,10/28/1998,Bachelor,A+
4624,316,316,2362,28,85,85,194,5/2/1993,Bachelor,C+
4634,106,106,2227,41,68,68,157,11/4/1998,Doctorate,C+
2282,2503,2503,1061,20,84,84,176,7/30/1991,Ph.D.,C+
1667,1907,1907,3799,47,106,106,199,11/28/1985,Ph.D.,C-
2798,3133,3133,3428,28,72,72,190,11/15/1987,Doctorate,B-
2067,4994,4994,3148,32,65,65,188,8/18/1988,Doctorate,A+
3453,3008,3008,4244,58,74,74,191,12/20/1993,Master,B-
4859,1677,1677,3248,21,70,70,160,10/9/1996,Ph.D.,D-
246,366,366,3738,26,88,88,156,3/30/1994,Bachelor,B+
4149,581,581,3113,32,107,107,178,9/4/1989,Ph.D.,D-
2162,3924,3924,1302,40,62,62,166,10/12/1991,Bachelor,A+
2668,531,531,1196,50,68,68,171,12/17/1995,Bachelor,A-
4344,1021,1021,56,32,82,82,190,1/4/1992,Ph.D.,D-
4414,1827,1827,2918,27,81,81,169,10/17/1994,Doctorate,D+
4849,4164,4164,541,46,105,105,190,2/6/1989,Master,B-
4384,1257,1257,1942,41,105,105,175,5/5/1987,Master,D+
1046,4854,4854,4449,28,64,64,172,9/15/1989,Bachelor,B-
3188,481,481,3538,29,62,62,151,4/23/1997,Master,D-
2703,2002,2002,151,57,89,89,178,2/17/1987,Ph.D.,A+
4189,1717,1717,3408,43,109,109,169,12/21/1992,Ph.D.,C-
3613,2703,2703,4344,40,79,79,199,7/1/1988,Master,A+
2177,771,771,3198,24,55,55,188,10/7/1989,Doctorate,B+
2933,4064,4064,1447,27,61,61,171,1/5/1986,Ph.D.,B-
896,786,786,1902,55,95,95,175,4/5/1993,Ph.D.,B+
4279,4749,4749,2352,33,103,103,184,1/8/1988,Doctorate,A+
3698,3258,3258,651,21,108,108,196,12/13/1992,Bachelor,F+
1437,696,696,2968,44,54,54,150,5/31/1986,Doctorate,C-
3738,3794,3794,216,25,69,69,194,8/22/1991,Master,C+
1081,1477,1477,1572,35,73,73,194,11/8/1993,Ph.D.,B+
46,4079,4079,916,38,50,50,186,11/24/1985,Bachelor,B+
4259,1226,1226,51,27,81,81,190,7/20/1987,Ph.D.,A-
2372,3078,3078,4224,42,64,64,175,8/17/1985,Bachelor,A-
4134,206,206,3904,20,50,50,199,3/5/1989,Ph.D.,F-
2503,2578,2578,2297,35,83,83,193,4/28/1994,Bachelor,B-
3533,3318,3318,3759,32,63,63,155,4/3/1992,Master,B-
4814,4904,4904,3493,25,97,97,164,1/27/1992,Bachelor,D+
1692,2848,2848,1437,32,91,91,160,2/18/1991,Ph.D.,C+
3563,2793,2793,4099,52,92,92,194,12/4/1995,Bachelor,F-
4119,3123,3123,4044,51,88,88,198,6/26/1991,Doctorate,A-
71,516,516,3078,34,109,109,167,4/6/1991,Bachelor,C+
2477,2753,2753,2152,44,102,102,162,8/5/1993,Master,D-
1682,596,596,1907,34,55,55,185,3/22/1988,Master,F-
2753,136,136,621,39,94,94,197,1/26/1992,Doctorate,A-
1772,2262,2262,3543,28,77,77,162,2/17/1996,Master,C-
721,2367,2367,1967,42,86,86,153,8/13/1997,Master,D+
3999,3513,3513,4659,38,106,106,176,12/9/1989,Master,B+
171,4744,4744,2247,52,61,61,181,1/13/1985,Doctorate,F-
2633,3718,3718,2798,42,104,104,175,6/22/1998,Bachelor,D-
3318,4764,4764,2853,59,63,63,196,5/13/1993,Ph.D.,C-
2603,3068,3068,686,52,101,101,151,10/3/1986,Master,B-
4994,1982,1982,2513,31,56,56,179,2/27/1989,Bachelor,F+
816,4824,4824,1742,27,108,108,186,5/20/1995,Ph.D.,A-
3438,1347,1347,971,52,53,53,162,7/21/1993,Master,F-
3263,2357,2357,3643,43,102,102,158,12/18/1990,Bachelor,F+
2377,1942,1942,2212,59,96,96,193,1/24/1996,Master,A+
566,3083,3083,1777,37,50,50,198,2/11/1985,Ph.D.,D+
4584,4419,4419,3313,36,75,75,186,5/8/1994,Ph.D.,D+
431,3698,3698,251,39,102,102,177,4/11/1988,Bachelor,C-
4804,406,406,1116,39,77,77,176,7/4/1990,Doctorate,F-
3213,3683,3683,4879,22,104,104,156,5/17/1986,Master,C+
1672,4304,4304,3333,36,102,102,164,6/7/1995,Master,F-
2072,4804,4804,726,52,53,53,155,4/28/1991,Ph.D.,A+
511,3613,3613,3774,59,103,103,158,3/9/1997,Bachelor,A-
3118,1767,1767,1637,59,88,88,163,12/4/1985,Master,F-
1762,3448,3448,4789,24,99,99,197,11/10/1992,Master,D+
2828,3183,3183,4444,22,58,58,199,9/13/1990,Ph.D.,A-
3198,711,711,3934,44,53,53,170,3/27/1998,Master,B+
3168,3528,3528,3578,22,63,63,182,11/16/1988,Doctorate,F+
4144,1812,1812,3703,37,58,58,157,8/17/1989,Bachelor,C-
1557,371,371,3488,58,98,98,170,1/26/1985,Ph.D.,A-
136,4534,4534,2903,36,58,58,159,10/25/1998,Doctorate,A-
2873,3899,3899,2487,57,52,52,172,8/31/1990,Master,C-
1967,121,121,4289,47,60,60,195,1/30/1990,Master,C-
461,376,376,2593,31,52,52,181,1/26/1987,Bachelor,D-
4074,2312,2312,3508,55,95,95,185,4/28/1993,Master,D-
3854,1487,1487,3959,33,83,83,163,1/11/1993,Bachelor,A+
2012,196,196,2863,45,82,82,172,3/16/1985,Bachelor,D-
1517,4849,4849,841,48,96,96,181,11/26/1992,Master,D-
4389,2252,2252,3989,23,101,101,173,7/17/1988,Ph.D.,A-
3869,3743,3743,3053,25,103,103,153,11/25/1992,Doctorate,A-
2387,4269,4269,4459,53,100,100,177,8/9/1995,Master,C-
1262,1667,1667,1587,57,90,90,158,8/14/1998,Doctorate,C+
571,2598,2598,26,26,99,99,156,11/28/1989,Master,B+
2057,1597,1597,4989,36,87,87,156,8/23/1995,Doctorate,C-
1056,101,101,3178,48,68,68,180,3/31/1995,Doctorate,F+
4959,3904,3904,1657,35,91,91,182,8/18/1992,Master,C+
3904,4124,4124,1597,24,72,72,185,12/24/1990,Bachelor,B+
661,2523,2523,1442,57,101,101,154,9/10/1989,Ph.D.,F+
1832,4779,4779,3038,25,100,100,154,12/17/1996,Ph.D.,F+
4039,4429,4429,1136,32,99,99,195,12/3/1996,Bachelor,B+
1131,2217,2217,1422,42,67,67,178,5/26/1997,Doctorate,B+
2312,501,501,1071,53,69,69,175,12/11/1986,Master,D-
4699,2683,2683,1387,53,66,66,168,11/26/1996,Doctorate,C-
3713,2187,2187,3533,38,65,65,151,12/22/1989,Master,F+
4094,2538,2538,896,28,88,88,159,6/13/1986,Ph.D.,F-
4854,3779,3779,426,52,61,61,164,8/11/1985,Ph.D.,D+
3784,1547,1547,2678,27,64,64,166,2/26/1989,Doctorate,B-
3373,4519,4519,2337,40,57,57,192,2/2/1996,Master,A-
3143,2583,2583,3884,30,51,51,150,5/27/1995,Doctorate,D-
2322,1101,1101,451,31,60,60,176,5/14/1994,Ph.D.,F+
3668,496,496,4554,20,80,80,177,5/10/1990,Master,A-
2688,1712,1712,871,44,82,82,165,4/26/1991,Doctorate,C-
601,2012,2012,3909,46,50,50,182,6/18/1987,Ph.D.,F+
2723,3168,3168,3733,23,50,50,160,11/24/1993,Bachelor,A+
1397,1342,1342,2883,44,58,58,197,8/20/1994,Bachelor,F-
4824,2568,2568,1166,55,86,86,154,4/7/1992,Ph.D.,F+
226,691,691,4369,35,102,102,183,1/21/1985,Bachelor,D+
4474,4844,4844,4939,45,81,81,176,8/9/1998,Master,F-
3043,4894,4894,1056,31,101,101,173,11/21/1988,Master,B+
1226,591,591,2432,55,55,55,155,2/3/1997,Ph.D.,A+
4224,1322,1322,4649,25,56,56,164,6/7/1994,Doctorate,B-
591,1156,1156,2372,48,66,66,168,3/2/1997,Doctorate,A+
1151,4154,4154,2958,46,98,98,161,7/28/1998,Ph.D.,B-
2432,4914,4914,746,27,75,75,154,7/23/1986,Master,F+
4519,3553,3553,2497,28,94,94,174,12/5/1997,Bachelor,C+
1507,2948,2948,2983,41,62,62,165,1/6/1998,Bachelor,C+
786,2022,2022,1332,38,56,56,190,9/27/1998,Bachelor,C+
2142,1932,1932,206,37,106,106,168,5/19/1996,Ph.D.,C-
76,2673,2673,386,54,68,68,155,4/11/1995,Doctorate,C+
2968,3623,3623,2217,52,50,50,150,2/22/1989,Bachelor,C+
3959,731,731,4979,45,59,59,164,12/5/1987,Master,A-
61,3989,3989,3258,56,74,74,166,9/10/1991,Master,B+
401,1026,1026,4774,45,67,67,186,10/8/1998,Ph.D.,D-
561,3228,3228,2673,41,83,83,189,2/9/1991,Master,C+
1902,3198,3198,291,40,60,60,175,6/26/1995,Ph.D.,A-
36,4924,4924,1617,37,94,94,197,10/26/1991,Doctorate,D-
836,3919,3919,486,21,107,107,194,6/2/1993,Ph.D.,D+
1417,2763,2763,4889,30,69,69,197,10/26/1987,Master,A-
2272,2257,2257,3723,43,73,73,198,5/12/1994,Doctorate,F-
831,2492,2492,446,28,78,78,168,3/11/1998,Doctorate,F-
2452,4619,4619,3558,42,108,108,152,11/30/1995,Master,F-
4219,3108,3108,4499,44,108,108,192,2/1/1994,Master,A-
2718,4709,4709,4004,59,87,87,183,6/29/1995,Doctorate,B-
2833,2432,2432,4699,32,76,76,184,8/25/1992,Doctorate,C-
4459,1056,1056,301,32,88,88,162,10/28/1988,Ph.D.,F+
2653,3799,3799,2332,44,56,56,171,11/17/1985,Bachelor,F+
4739,2282,2282,341,21,101,101,185,1/4/1985,Bachelor,F+
1342,4874,4874,1036,35,50,50,174,7/22/1994,Bachelor,B+
3313,2903,2903,4564,44,104,104,180,2/26/1988,Bachelor,D+
951,4819,4819,4519,31,80,80,182,3/29/1994,Doctorate,D+
971,656,656,571,26,58,58,189,10/31/1985,Bachelor,D+
4054,671,671,3303,55,89,89,167,8/18/1987,Doctorate,B-
1211,451,451,466,22,106,106,169,2/23/1990,Doctorate,D-
4524,4834,4834,261,55,104,104,152,11/28/1992,Master,B+
856,996,996,4804,29,54,54,183,11/23/1996,Master,A-
2462,4349,4349,1252,24,80,80,175,7/17/1996,Master,F+
1812,1327,1327,1226,26,100,100,183,7/6/1990,Ph.D.,A+
3568,4944,4944,2252,35,79,79,160,12/8/1992,Ph.D.,A-
4704,1832,1832,4329,41,54,54,166,5/23/1986,Bachelor,C-
4799,3638,3638,1697,33,80,80,190,6/12/1997,Master,F+
2382,4729,4729,36,24,76,76,180,3/6/1988,Ph.D.,D+
2863,1822,1822,1542,48,99,99,190,7/28/1990,Bachelor,D-
3323,3759,3759,2412,27,93,93,192,11/12/1989,Bachelor,C+
2077,3063,3063,4294,43,84,84,159,12/23/1996,Doctorate,B+
2538,2267,2267,1191,29,106,106,172,10/28/1996,Bachelor,F-
1061,3098,3098,246,39,87,87,169,4/29/1987,Doctorate,B+
1612,3028,3028,4639,27,95,95,199,1/21/1986,Bachelor,D-
4114,2202,2202,2067,41,60,60,182,4/21/1990,Ph.D.,D+
1817,4229,4229,1957,58,58,58,151,3/22/1996,Ph.D.,D+
2082,2332,2332,2082,27,93,93,189,4/28/1989,Bachelor,B+
281,2913,2913,4914,32,62,62,165,6/21/1993,Master,F-
826,1617,1617,1672,22,98,98,189,7/8/1990,Ph.D.,A-
4669,2037,2037,4249,20,67,67,188,6/4/1996,Master,F-
1297,1952,1952,1432,37,64,64,157,11/4/1997,Master,C-
2292,1722,1722,3048,51,79,79,176,6/4/1997,Bachelor,A-
821,96,96,3448,53,69,69,164,9/4/1993,Ph.D.,A-
1597,1046,1046,2928,37,97,97,185,9/5/1986,Doctorate,C+
2132,231,231,731,47,83,83,160,5/3/1994,Doctorate,D+
4829,381,381,2648,31,71,71,160,1/26/1988,Doctorate,D-
3543,211,211,4704,26,81,81,160,1/28/1996,Bachelor,D+
2923,2953,2953,2588,54,85,85,176,10/19/1985,Bachelor,B-
251,686,686,4049,55,83,83,158,11/15/1995,Ph.D.,B+
1937,4404,4404,2282,58,51,51,191,9/10/1988,Master,B-
2763,4604,4604,2232,24,88,88,154,11/5/1994,Bachelor,D-
3708,2362,2362,2973,34,72,72,155,3/9/1985,Master,A+
881,4309,4309,886,31,55,55,152,10/23/1992,Bachelor,A-
2112,1031,1031,4759,22,86,86,179,7/11/1989,Ph.D.,B-
1347,3178,3178,581,50,55,55,189,9/30/1992,Doctorate,D-
2958,2593,2593,876,36,78,78,183,6/27/1994,Bachelor,B-
2623,3789,3789,1707,56,53,53,151,1/19/1986,Master,F-
3834,1572,1572,2257,39,102,102,157,1/15/1996,Bachelor,B+
3824,3128,3128,1216,27,85,85,182,1/13/1993,Doctorate,C+
691,431,431,4724,23,72,72,159,1/14/1995,Ph.D.,F-
1972,1687,1687,3969,55,84,84,180,10/19/1986,Master,D+
3678,2227,2227,2192,59,92,92,151,4/12/1988,Doctorate,B-
2513,1377,1377,806,48,90,90,188,12/28/1987,Master,F+
696,411,411,4689,45,69,69,159,7/16/1987,Bachelor,D+
1096,4714,4714,2653,27,73,73,151,7/18/1988,Ph.D.,F-
1196,4704,4704,2272,45,109,109,181,12/16/1992,Ph.D.,F+
3283,1962,1962,4189,36,99,99,191,4/20/1988,Ph.D.,C-
4079,1041,1041,2568,30,83,83,193,9/21/1995,Bachelor,B-
4769,2853,2853,626,53,65,65,171,9/6/1985,Ph.D.,A+
1272,3533,3533,2147,47,65,65,154,9/20/1987,Ph.D.,B+
1857,4699,4699,2738,35,52,52,187,5/5/1994,Master,C+
626,3713,3713,4179,40,82,82,160,7/22/1995,Bachelor,F+
2918,3018,3018,2998,40,109,109,159,6/18/1988,Ph.D.,B+
2678,2462,2462,401,26,54,54,164,6/8/1995,Ph.D.,F-
1947,2067,2067,1477,58,107,107,194,1/18/1994,Ph.D.,C+
3688,3048,3048,1877,51,78,78,195,9/30/1994,Doctorate,F-
1482,241,241,936,44,101,101,196,1/25/1998,Doctorate,B+
3703,1161,1161,3899,31,83,83,153,9/24/1992,Doctorate,D+
1257,3723,3723,3118,29,66,66,167,6/17/1994,Doctorate,C-
1782,1877,1877,1762,58,81,81,177,4/21/1991,Master,B+
2337,2377,2377,1717,26,50,50,167,12/23/1990,Ph.D.,D+
3939,3728,3728,2472,45,96,96,156,9/11/1996,Master,C-
3588,2247,2247,4819,22,63,63,181,6/29/1991,Bachelor,F+
3663,946,946,201,40,80,80,168,12/21/1998,Master,A+
2943,986,986,3929,39,66,66,175,3/22/1997,Doctorate,D-
2467,1151,1151,4864,40,59,59,183,12/30/1994,Bachelor,F-
1186,1732,1732,1297,37,64,64,198,8/26/1996,Bachelor,D+
1006,4489,4489,111,37,97,97,157,6/4/1994,Bachelor,A+
306,2618,2618,3964,29,96,96,166,11/5/1993,Bachelor,A+
4549,4724,4724,3794,30,76,76,198,9/28/1995,Master,C+
386,3663,3663,3343,49,65,65,192,12/21/1987,Bachelor,F-
2838,3378,3378,4014,56,109,109,161,7/15/1992,Master,B+
301,1702,1702,3298,32,92,92,174,1/19/1992,Master,B+
266,2628,2628,4389,51,86,86,184,7/27/1998,Ph.D.,D-
1041,341,341,836,32,59,59,178,2/10/1993,Bachelor,C-
1221,2788,2788,3819,45,79,79,172,6/6/1987,Master,A-
3063,2132,2132,3718,50,80,80,162,9/12/1995,Ph.D.,C+
3498,2242,2242,326,49,64,64,186,9/9/1995,Bachelor,A-
4579,146,146,2583,21,89,89,191,9/9/1998,Doctorate,A-
206,1091,1091,1011,22,93,93,161,1/29/1997,Doctorate,D+
3743,3969,3969,1327,33,95,95,157,10/15/1993,Bachelor,C+
441,3804,3804,91,27,95,95,163,5/2/1987,Bachelor,C+
1427,461,461,3678,44,62,62,159,1/1/1990,Ph.D.,F+
4979,1116,1116,2407,31,100,100,150,1/10/1995,Bachelor,C+
811,1141,1141,601,29,51,51,196,11/28/1986,Doctorate,D-
3618,4934,4934,3138,40,107,107,159,4/24/1998,Doctorate,D-
3138,3088,3088,3223,41,59,59,187,5/16/1995,Bachelor,B-
4044,4529,4529,3864,36,89,89,185,12/7/1997,Doctorate,B+
3158,2172,2172,1382,29,97,97,189,6/11/1991,Doctorate,D-
671,1557,1557,4574,49,102,102,199,6/15/1989,Ph.D.,A+
4429,916,916,2623,37,104,104,191,8/2/1987,Doctorate,D-
3098,1216,1216,3293,29,96,96,195,5/20/1997,Ph.D.,C+
51,4374,4374,316,28,71,71,189,5/7/1990,Ph.D.,F+
906,896,896,3894,44,82,82,187,11/13/1996,Master,F+
2978,891,891,3553,34,79,79,162,5/17/1994,Ph.D.,D+
3388,2487,2487,3999,40,74,74,196,11/11/1990,Master,F-
3303,4929,4929,4984,45,98,98,166,5/5/1990,Ph.D.,B-
2157,2032,2032,2558,51,77,77,195,3/1/1987,Bachelor,D+
286,3508,3508,3423,34,81,81,196,4/18/1989,Master,A+
1457,1176,1176,4069,51,108,108,158,5/29/1990,Master,B+
4004,4809,4809,496,20,93,93,185,11/28/1987,Doctorate,C-
4679,1181,1181,3083,33,107,107,192,6/11/1985,Doctorate,D+
676,4204,4204,101,45,57,57,176,12/6/1985,Master,D+
2407,2828,2828,3393,58,82,82,185,5/2/1997,Master,A+
1567,801,801,2718,43,66,66,154,12/18/1993,Bachelor,B+
1036,4219,4219,3789,32,54,54,179,10/2/1994,Master,B+
2347,2518,2518,136,46,108,108,181,12/23/1993,Bachelor,A-
1357,4789,4789,1457,47,109,109,195,7/8/1994,Bachelor,C-
4479,476,476,4594,45,55,55,179,9/1/1997,Doctorate,D+
746,1972,1972,736,51,107,107,153,4/15/1993,Master,D-
1,351,351,4884,47,103,103,189,4/15/1991,Bachelor,D-
1412,1262,1262,1412,33,63,63,175,10/16/1993,Ph.D.,F-
4494,4889,4889,2888,24,91,91,173,6/25/1985,Bachelor,A-
1111,2748,2748,991,53,61,61,157,4/2/1992,Bachelor,B-
4544,2728,2728,71,34,90,90,169,4/12/1989,Bachelor,D+
1652,1292,1292,3338,57,64,64,168,3/25/1993,Bachelor,F-
4924,3263,3263,1236,57,100,100,188,4/13/1992,Bachelor,C-
3804,716,716,2467,48,67,67,157,9/2/1985,Ph.D.,C+
2202,1287,1287,2302,43,101,101,198,5/14/1997,Ph.D.,F+
4179,466,466,2743,56,105,105,154,2/7/1995,Bachelor,A-
916,901,901,526,36,107,107,153,1/15/1988,Doctorate,D+
2412,4584,4584,1211,40,53,53,190,6/14/1993,Ph.D.,A+
1216,236,236,231,22,73,73,166,1/11/1995,Master,D-
3608,1787,1787,3018,42,60,60,156,3/26/1994,Ph.D.,C-
4639,1427,1427,4524,20,65,65,160,11/25/1994,Ph.D.,A+
66,2663,2663,976,25,106,106,184,7/27/1986,Ph.D.,C-
1071,1457,1457,3353,43,81,81,170,12/4/1987,Doctorate,B-
1241,681,681,3183,55,61,61,159,2/4/1993,Doctorate,A-
4594,1472,1472,881,53,51,51,199,10/12/1988,Doctorate,D+
4989,4179,4179,2523,49,109,109,186,3/23/1994,Doctorate,D+
2523,3538,3538,981,24,54,54,153,12/1/1993,Ph.D.,B-
541,2322,2322,1547,30,78,78,192,6/7/1985,Bachelor,F+
751,3769,3769,656,21,82,82,177,3/3/1990,Bachelor,C+
2938,1887,1887,276,52,84,84,177,7/21/1994,Bachelor,F-
2878,601,601,3218,27,54,54,191,12/9/1992,Bachelor,F+
4064,1317,1317,4219,47,57,57,164,2/2/1990,Bachelor,D+
4574,861,861,4129,23,77,77,163,1/22/1997,Ph.D.,A-
1637,2412,2412,3208,46,72,72,160,1/13/1994,Master,D-
3829,391,391,1126,24,53,53,194,10/25/1996,Ph.D.,A-
1797,1417,1417,1757,40,59,59,163,10/25/1997,Ph.D.,C+
3814,4899,4899,4144,30,100,100,182,9/8/1993,Doctorate,B-
2222,4424,4424,4754,26,99,99,153,12/4/1997,Doctorate,B-
861,3548,3548,791,47,54,54,195,2/20/1994,Ph.D.,B-
1267,4574,4574,3563,24,79,79,177,10/3/1995,Bachelor,B-
451,4659,4659,751,33,107,107,177,1/30/1997,Bachelor,B-
1872,1987,1987,1497,36,102,102,158,8/16/1986,Bachelor,D-
866,2467,2467,4794,25,74,74,188,9/16/1998,Ph.D.,D-
681,2477,2477,4619,42,90,90,175,4/27/1989,Ph.D.,F+
166,1747,1747,2102,44,66,66,183,5/17/1998,Doctorate,D-
3113,2588,2588,576,47,97,97,162,10/1/1995,Ph.D.,C-
991,3053,3053,4029,27,61,61,186,5/7/1996,Master,B+
96,1772,1772,3123,56,73,73,174,6/27/1993,Doctorate,A-
351,2733,2733,2818,54,70,70,172,9/25/1993,Master,F+
3889,1872,1872,3323,47,106,106,198,10/28/1993,Doctorate,F-
686,1171,1171,2422,54,104,104,178,4/10/1990,Master,C+
871,4319,4319,3328,50,53,53,151,3/25/1985,Bachelor,F-
1642,4264,4264,776,57,72,72,157,1/20/1988,Bachelor,B+
3328,2888,2888,2462,21,66,66,157,5/16/1993,Master,D-
1862,4209,4209,381,48,93,93,185,1/20/1995,Ph.D.,A+
4654,2943,2943,4954,35,71,71,199,11/13/1995,Master,F-
2242,4719,4719,4399,46,69,69,159,8/25/1994,Ph.D.,B+
3503,3163,3163,3623,54,81,81,191,5/4/1996,Ph.D.,D+
291,1402,1402,3528,49,103,103,195,7/7/1989,Bachelor,A+
2257,2638,2638,1812,26,76,76,196,2/13/1995,Master,A-
116,976,976,66,58,76,76,172,12/28/1996,Bachelor,B+
156,3403,3403,1972,39,89,89,171,12/29/1995,Ph.D.,A-
391,4609,4609,4849,33,96,96,171,7/13/1993,Doctorate,B-
946,326,326,1652,24,56,56,158,12/25/1997,Doctorate,B-
3874,3358,3358,1272,47,69,69,164,10/20/1997,Doctorate,F+
3258,2758,2758,4544,50,75,75,196,6/3/1998,Master,D+
4249,521,521,61,50,57,57,194,4/25/1992,Master,C+
311,2402,2402,3954,50,99,99,183,1/27/1990,Master,B-
1422,1081,1081,1797,57,50,50,192,11/12/1987,Master,D+
2207,3693,3693,4319,30,57,57,189,3/31/1985,Bachelor,F+
2417,4539,4539,4974,53,83,83,153,7/26/1986,Doctorate,F-
1957,4589,4589,4784,21,77,77,190,11/4/1989,Ph.D.,B-
376,1241,1241,3618,56,85,85,179,3/25/1990,Master,C-
1016,156,156,1347,21,54,54,197,12/13/1985,Master,B+
4124,4554,4554,2042,33,79,79,183,6/24/1986,Master,A-
4529,1136,1136,4929,53,51,51,189,11/23/1990,Ph.D.,D+
56,4289,4289,166,21,93,93,172,2/28/1990,Ph.D.,B+
1407,3278,3278,741,46,79,79,194,3/13/1988,Bachelor,A+
1702,3288,3288,1962,58,74,74,186,4/11/1989,Doctorate,A+
4314,2678,2678,76,20,91,91,157,6/25/1988,Bachelor,C-
581,791,791,2087,23,107,107,172,3/23/1989,Master,D+
3433,4669,4669,1677,38,81,81,166,5/4/1995,Ph.D.,A+
4014,2207,2207,2708,57,87,87,164,2/3/1987,Master,C+
1337,2192,2192,4254,50,77,77,179,6/6/1990,Doctorate,B-
106,3518,3518,2688,43,50,50,167,12/11/1987,Master,D+
1617,2292,2292,1006,53,64,64,152,2/23/1991,Bachelor,B-
396,3839,3839,4694,54,58,58,185,6/11/1994,Doctorate,B-
1892,1277,1277,2402,49,87,87,155,1/29/1986,Master,D+
3028,1577,1577,2037,25,57,57,183,7/30/1998,Doctorate,B-
4304,1522,1522,4424,34,68,68,188,10/17/1995,Ph.D.,B+
3638,256,256,2963,34,62,62,184,5/14/1986,Bachelor,A+
1487,2052,2052,4324,52,95,95,198,9/5/1992,Doctorate,C+
2588,1382,1382,2482,52,88,88,191,3/14/1985,Master,F-
2993,906,906,3233,58,64,64,178,8/27/1997,Ph.D.,D-
3223,151,151,2893,50,94,94,169,2/10/1990,Ph.D.,B-
4644,3708,3708,41,37,72,72,167,5/15/1989,Bachelor,B+
4009,1497,1497,3288,53,53,53,157,10/29/1998,Master,A+
1607,2457,2457,2237,58,76,76,199,7/5/1988,Doctorate,A+
3458,3273,3273,346,48,53,53,156,9/17/1987,Ph.D.,F+
1322,201,201,3243,34,57,57,182,1/8/1990,Master,A+
3673,2087,2087,771,37,55,55,184,9/30/1995,Ph.D.,B+
886,931,931,1917,42,51,51,173,3/18/1995,Ph.D.,C-
2192,1742,1742,3593,58,84,84,172,7/15/1995,Bachelor,D-
3944,4274,4274,2382,45,61,61,165,9/1/1998,Ph.D.,A+
486,4284,4284,2442,55,55,55,188,11/25/1996,Doctorate,D-
3994,1492,1492,1357,35,74,74,170,9/11/1988,Doctorate,F+
4794,4299,4299,1607,47,70,70,176,4/2/1986,Master,F-
3228,956,956,3168,44,58,58,162,2/20/1986,Bachelor,F-
4744,561,561,6,49,74,74,160,5/9/1996,Bachelor,C-
1982,2352,2352,2047,39,80,80,178,4/22/1998,Master,C+
3894,3433,3433,3784,30,105,105,152,4/26/1985,Master,A-
4364,36,36,1532,51,83,83,168,5/13/1986,Doctorate,D+
1577,2908,2908,1527,26,78,78,197,11/22/1988,Doctorate,F+
4864,3368,3368,416,49,93,93,194,6/5/1987,Doctorate,F-
3969,4474,4474,1106,45,96,96,176,10/10/1991,Doctorate,B+
4209,4524,4524,2693,38,56,56,156,12/21/1995,Bachelor,B+
3038,1587,1587,361,59,106,106,163,6/23/1994,Doctorate,B+
741,4594,4594,1231,47,63,63,193,9/7/1992,Master,D-
4894,3423,3423,1522,42,70,70,166,12/11/1988,Bachelor,D-
1977,3073,3073,1867,20,103,103,154,10/6/1997,Bachelor,D-
3478,3038,3038,821,20,85,85,195,6/20/1993,Bachelor,A-
4664,276,276,1912,49,94,94,174,2/9/1990,Doctorate,D-
986,1061,1061,3238,54,72,72,189,12/2/1991,Ph.D.,D+
3348,3754,3754,986,20,104,104,193,11/10/1991,Bachelor,D-
2698,3243,3243,2117,26,62,62,169,7/5/1991,Doctorate,D+
481,751,751,2032,40,95,95,168,5/10/1991,Bachelor,C-
3463,1652,1652,681,31,79,79,175,1/26/1997,Bachelor,C+
3899,3453,3453,1802,31,89,89,187,10/4/1989,Ph.D.,D+
3774,3523,3523,646,20,90,90,197,9/23/1986,Master,D+
2713,2818,2818,181,34,97,97,183,8/26/1989,Bachelor,F+
11,1302,1302,3809,28,75,75,199,3/11/1986,Doctorate,C-
1392,331,331,911,46,59,59,179,2/1/1988,Bachelor,C-
4629,2007,2007,126,50,76,76,198,5/5/1989,Bachelor,C-
2302,3733,3733,4899,51,89,89,179,11/1/1989,Bachelor,F-
1987,2232,2232,501,43,89,89,189,12/12/1998,Bachelor,B-
1377,2327,2327,3754,34,71,71,167,6/20/1985,Doctorate,F+
1532,4509,4509,3513,37,105,105,185,4/2/1998,Master,C+
3538,816,816,2172,39,93,93,170,7/4/1989,Ph.D.,C-
1332,4949,4949,1246,56,66,66,193,3/30/1987,Doctorate,A+
646,3043,3043,4454,42,99,99,184,12/17/1991,Bachelor,D+
4954,2533,2533,1026,31,100,100,197,6/7/1993,Ph.D.,D+
1121,1357,1357,1362,49,84,84,173,12/25/1993,Ph.D.,D-
361,2112,2112,3658,51,97,97,185,12/23/1995,Ph.D.,A+
466,2397,2397,2022,34,83,83,167,9/3/1998,Bachelor,A+
2232,1076,1076,3743,53,50,50,191,12/27/1996,Doctorate,F-
1387,4494,4494,2573,48,62,62,150,8/17/1997,Ph.D.,C+
4184,1662,1662,4114,51,94,94,155,11/22/1998,Doctorate,A+
4784,1036,1036,4629,25,85,85,180,12/9/1991,Doctorate,D-
3243,1642,1642,2873,48,54,54,154,12/27/1988,Bachelor,D-
781,51,51,3268,59,74,74,189,10/31/1986,Ph.D.,B+
3593,3764,3764,2137,20,68,68,158,3/21/1991,Bachelor,C-
4659,1967,1967,1747,56,106,106,190,9/3/1990,Ph.D.,C-
4049,2813,2813,931,38,82,82,152,7/13/1992,Bachelor,F+
176,876,876,1452,44,77,77,154,3/5/1990,Ph.D.,B-
2683,4014,4014,2703,40,105,105,181,4/22/1994,Doctorate,B+
4294,4174,4174,3358,35,104,104,190,1/24/1986,Ph.D.,F+
3403,2042,2042,4079,43,72,72,154,9/2/1991,Ph.D.,D-
2092,3894,3894,2207,35,102,102,176,7/13/1988,Ph.D.,D+
996,841,841,516,52,71,71,193,6/4/1987,Master,C-
701,2833,2833,81,25,57,57,152,7/31/1986,Ph.D.,B-
4504,3328,3328,2683,40,57,57,165,7/30/1992,Ph.D.,C+
3518,4409,4409,4159,30,99,99,182,6/21/1988,Doctorate,F-
4129,566,566,1482,40,70,70,187,12/25/1986,Master,F-
4334,3583,3583,1066,57,103,103,174,9/13/1987,Bachelor,F-
1026,261,261,4354,23,94,94,188,2/24/1985,Ph.D.,D+
491,3934,3934,611,54,55,55,170,3/31/1990,Bachelor,B-
4269,846,846,4479,49,54,54,169,12/16/1998,Doctorate,D-
2583,2372,2372,2182,59,80,80,169,1/16/1988,Ph.D.,B-
2247,1672,1672,1792,46,62,62,170,9/19/1995,Doctorate,C-
3623,3253,3253,3133,51,92,92,159,6/16/1988,Bachelor,C+
1161,4314,4314,2538,36,83,83,161,10/8/1995,Doctorate,D-
4919,1206,1206,4484,33,71,71,166,9/14/1995,Master,C-
3794,191,191,4994,47,92,92,194,9/7/1993,Master,F+
4819,4339,4339,4494,38,105,105,157,5/4/1990,Doctorate,D-
2437,3738,3738,3368,57,105,105,194,8/29/1987,Ph.D.,C-
296,2803,2803,1602,21,76,76,174,12/13/1998,Bachelor,D+
316,471,471,3433,46,91,91,163,8/4/1998,Ph.D.,C+
3058,1442,1442,4229,39,61,61,158,7/13/1989,Master,A+
4984,2508,2508,3103,34,91,91,162,2/7/1985,Master,B-
1827,2978,2978,306,45,73,73,173,4/20/1987,Ph.D.,A+
1467,4114,4114,3263,57,57,57,158,8/23/1989,Master,A-
3653,4009,4009,4209,46,63,63,169,3/1/1986,Master,B-
3493,2167,2167,2477,44,82,82,171,6/6/1989,Ph.D.,A-
1847,6,6,4739,42,100,100,190,11/11/1991,Ph.D.,A-
4539,1912,1912,2663,39,69,69,174,2/4/1986,Master,D+
161,2968,2968,636,58,84,84,193,1/3/1995,Master,C+
791,1011,1011,2763,22,77,77,184,11/15/1986,Doctorate,A-
611,3503,3503,616,48,103,103,159,8/21/1992,Doctorate,A+
4604,4504,4504,4894,26,89,89,173,3/21/1994,Master,F+
2267,2102,2102,131,54,99,99,170,1/18/1996,Bachelor,A+
4069,3458,3458,4149,50,60,60,196,7/10/1996,Ph.D.,F-
586,536,536,3518,50,55,55,188,2/15/1994,Doctorate,C+
1492,1757,1757,4309,49,77,77,188,12/30/1992,Master,D-
4454,1697,1697,3859,21,102,102,152,2/17/1993,Master,B+
1582,3944,3944,4259,25,66,66,166,5/21/1996,Master,F+
716,2482,2482,1667,46,96,96,163,3/6/1986,Doctorate,A-
846,186,186,351,42,62,62,151,10/19/1988,Bachelor,D-
3839,4909,4909,2768,42,101,101,164,8/2/1990,Bachelor,C+
3088,86,86,3708,34,91,91,179,5/7/1988,Bachelor,C-
4434,586,586,4489,48,75,75,152,6/9/1996,Bachelor,F-
2032,1362,1362,4234,27,96,96,175,2/27/1988,Doctorate,B+
2362,2317,2317,1887,52,57,57,195,7/24/1989,Master,A-
841,4434,4434,3683,42,97,97,193,2/15/1993,Doctorate,A+
1897,4954,4954,3478,41,84,84,153,1/1/1997,Ph.D.,C+
4359,1797,1797,3613,56,86,86,192,1/29/1989,Master,B+
241,4034,4034,4614,25,65,65,178,4/26/1994,Bachelor,F-
4914,1096,1096,2012,36,51,51,196,11/22/1986,Ph.D.,B+
2402,3473,3473,781,36,77,77,150,3/4/1994,Ph.D.,F+
356,1001,1001,3829,57,52,52,166,7/21/1986,Master,A+
4419,2117,2117,4969,36,56,56,180,2/12/1996,Ph.D.,B+
1837,221,221,3834,28,63,63,186,8/26/1997,Doctorate,B-
2728,991,991,2943,51,72,72,186,9/6/1991,Ph.D.,C+
3428,2072,2072,116,30,97,97,172,6/19/1986,Doctorate,A-
3598,4499,4499,1632,32,101,101,185,4/12/1996,Doctorate,F-
1051,4449,4449,4074,35,84,84,179,4/5/1994,Ph.D.,C+
4239,3023,3023,1487,44,103,103,174,12/15/1990,Ph.D.,C+
1206,981,981,1312,24,59,59,172,4/27/1992,Ph.D.,A+
3578,4189,4189,2833,28,73,73,186,1/25/1994,Doctorate,D+
3764,2017,2017,1582,27,76,76,176,8/31/1985,Master,D-
3108,3819,3819,2052,42,86,86,189,7/25/1988,Doctorate,D+
4929,3884,3884,3003,58,77,77,185,8/19/1985,Master,F+
4084,1807,1807,921,32,105,105,186,3/3/1995,Doctorate,F+
201,2963,2963,851,54,87,87,188,6/12/1990,Master,B+
3353,4839,4839,1832,57,99,99,187,3/21/1992,Master,F-
3343,3013,3013,536,28,108,108,150,9/10/1993,Master,A+
956,3949,3949,3603,43,80,80,165,1/11/1998,Doctorate,C+
981,2307,2307,1577,29,68,68,189,5/6/1989,Doctorate,B-
4899,1086,1086,756,56,80,80,173,3/18/1994,Master,A-
3723,46,46,431,22,56,56,190,5/12/1985,Bachelor,B-
1992,1842,1842,2367,52,58,58,175,6/18/1986,Ph.D.,F-
4099,2873,2873,456,39,107,107,175,3/20/1990,Master,D+
3849,1592,1592,2127,31,75,75,189,2/11/1989,Doctorate,A+
3844,1517,1517,2728,58,97,97,190,7/26/1991,Master,A-
4234,491,491,4829,38,97,97,180,9/19/1989,Ph.D.,C+
4284,3814,3814,3924,41,81,81,159,5/10/1997,Ph.D.,F+
1522,3338,3338,2533,34,103,103,181,3/4/1988,Ph.D.,F+
4424,2513,2513,3879,45,57,57,195,5/19/1989,Doctorate,A+
3934,1437,1437,1021,38,101,101,182,8/14/1986,Ph.D.,A+
3423,4004,4004,1732,53,76,76,163,7/12/1985,Master,F+
216,2152,2152,4964,39,92,92,159,6/4/1988,Ph.D.,C-
111,966,966,3608,58,88,88,189,9/26/1990,Ph.D.,A+
101,3268,3268,1817,49,82,82,171,9/4/1991,Bachelor,C-
2352,1627,1627,3663,42,71,71,195,12/4/1991,Bachelor,C-
1922,4974,4974,1562,31,64,64,171,8/24/1986,Bachelor,C+
2007,4879,4879,4054,36,92,92,168,11/25/1997,Ph.D.,F-
3368,271,271,11,58,64,64,176,12/6/1991,Doctorate,B+
536,3889,3889,3203,56,59,59,180,10/11/1989,Bachelor,A-
3173,4039,4039,4214,56,60,60,197,7/22/1998,Ph.D.,A-
421,676,676,1537,35,109,109,170,8/25/1993,Bachelor,B+
1086,3438,3438,3098,30,50,50,157,11/29/1995,Bachelor,B+
3759,3363,3363,2753,41,52,52,163,1/15/1991,Master,D+
2037,141,141,5000,26,75,75,172,7/22/1993,Bachelor,B-
4949,746,746,2618,45,83,83,196,4/29/1992,Master,B-
4649,2162,2162,3984,25,109,109,178,12/15/1992,Ph.D.,B-
3398,3213,3213,786,26,99,99,183,8/29/1989,Master,C+
3133,4774,4774,1687,26,66,66,154,10/30/1995,Doctorate,C+
911,4864,4864,546,32,65,65,197,5/18/1991,Doctorate,D-
4619,2773,2773,436,35,65,65,180,1/4/1997,Doctorate,F+
4169,3113,3113,441,58,60,60,189,4/22/1986,Doctorate,D+
796,2973,2973,1897,51,62,62,181,11/7/1994,Bachelor,C-
4254,766,766,1322,59,61,61,175,12/24/1996,Master,A-
2658,2823,2823,2322,58,95,95,160,4/6/1993,Doctorate,A-
2492,1862,1862,3458,31,63,63,154,12/27/1998,Ph.D.,F-
4274,2122,2122,2748,29,73,73,191,6/17/1988,Master,C+
1452,3643,3643,4834,38,98,98,176,7/22/1992,Bachelor,B-
4029,1567,1567,3804,24,89,89,171,12/4/1986,Doctorate,C-
3253,2047,2047,2808,53,59,59,152,7/3/1988,Doctorate,A-
1707,3303,3303,2543,21,98,98,192,2/22/1997,Ph.D.,B-
2883,4544,4544,406,44,93,93,156,4/18/1987,Doctorate,A-
3754,2858,2858,2803,20,78,78,162,3/23/1988,Master,A-
411,3939,3939,2002,21,57,57,176,1/1/1996,Doctorate,A-
1066,571,571,4109,49,52,52,161,6/1/1994,Master,D-
331,2868,2868,4859,29,77,77,193,3/13/1992,Bachelor,C+
3583,1602,1602,3814,30,72,72,189,12/9/1987,Master,F-
471,1467,1467,4104,36,106,106,180,3/5/1987,Bachelor,C-
2042,3488,3488,2773,37,78,78,157,11/11/1987,Doctorate,D+
1942,3703,3703,2287,29,78,78,198,11/10/1989,Ph.D.,D-
1657,4259,4259,3839,50,70,70,187,12/17/1987,Ph.D.,A+
1677,886,886,2788,47,65,65,167,1/16/1995,Bachelor,D+
2643,1512,1512,2162,23,103,103,155,7/13/1987,Master,C+
1176,4634,4634,3043,37,91,91,192,11/21/1990,Doctorate,C-
1432,741,741,1427,44,93,93,167,4/2/1990,Ph.D.,A-
521,4969,4969,3283,33,103,103,177,2/9/1992,Bachelor,C+
2297,2297,2297,476,23,70,70,194,8/29/1988,Doctorate,A-
1327,3153,3153,4769,45,97,97,188,5/24/1995,Bachelor,A-
3683,1852,1852,3453,21,51,51,194,6/25/1995,Master,F-
1542,811,811,1392,55,93,93,197,8/8/1994,Master,D-
2823,2092,2092,1552,21,84,84,180,9/15/1991,Master,C+
1252,1897,1897,336,34,92,92,156,7/12/1992,Master,D-
2858,4754,4754,3728,57,75,75,158,5/29/1998,Bachelor,D+
3208,1792,1792,376,55,52,52,165,6/29/1996,Master,D-
3393,3193,3193,256,42,95,95,165,4/28/1997,Ph.D.,F+
4534,2427,2427,2292,20,67,67,179,5/27/1986,Ph.D.,F+
3338,3398,3398,1827,59,104,104,196,5/23/1995,Ph.D.,B+
2237,11,11,3158,23,65,65,190,4/22/1988,Master,C-
1917,4019,4019,901,33,93,93,169,6/2/1992,Doctorate,C+
1912,2778,2778,3713,43,65,65,165,3/30/1997,Bachelor,C-
4204,4139,4139,4589,27,81,81,181,6/15/1985,Doctorate,D+
526,321,321,4634,22,60,60,194,11/1/1995,Doctorate,C-
1201,4049,4049,606,27,78,78,169,6/1/1986,Doctorate,A+
3013,3834,3834,4709,32,107,107,160,8/13/1986,Ph.D.,F-
1852,356,356,4359,57,66,66,191,9/24/1997,Master,D-
731,4324,4324,4269,44,95,95,161,11/24/1995,Bachelor,B+
1877,4249,4249,286,25,77,77,163,1/9/1988,Doctorate,B-
151,631,631,3503,20,94,94,195,4/15/1997,Bachelor,C+
1031,2928,2928,4284,27,69,69,155,5/31/1992,Master,A-
1317,546,546,831,37,63,63,193,9/5/1995,Bachelor,F-
2888,1332,1332,2077,21,108,108,155,10/4/1991,Doctorate,A+
931,1582,1582,2978,51,60,60,169,7/10/1990,Bachelor,F-
2908,2658,2658,3058,53,71,71,195,1/6/1989,Bachelor,F-
4904,4379,4379,1,40,91,91,159,12/10/1990,Ph.D.,F-
2367,626,626,3308,57,73,73,153,4/9/1985,Doctorate,D-
2217,4084,4084,4394,57,94,94,198,4/7/1996,Doctorate,F+
86,4829,4829,811,21,62,62,195,5/15/1988,Bachelor,A+
941,1777,1777,3388,54,67,67,174,2/2/1991,Ph.D.,B-
2107,1922,1922,31,22,69,69,192,2/23/1994,Master,D-
4909,836,836,3473,57,101,101,184,3/28/1987,Ph.D.,C+
1001,66,66,4019,59,75,75,195,5/28/1988,Bachelor,A-
4404,3859,3859,3994,34,77,77,186,4/10/1991,Master,B-
3819,1542,1542,706,27,84,84,174,8/21/1986,Doctorate,F-
4194,4224,4224,1567,31,107,107,184,3/27/1995,Doctorate,D-
2973,3283,3283,2988,38,53,53,156,7/4/1986,Bachelor,C-
496,4654,4654,1737,55,92,92,153,6/23/1991,Doctorate,B-
1362,871,871,211,56,89,89,160,7/10/1991,Bachelor,C+
1277,2472,2472,2953,23,100,100,167,1/1/1985,Master,A+
6,621,621,4609,37,106,106,197,1/26/1989,Bachelor,A-
4399,3293,3293,566,29,102,102,170,1/1/1998,Doctorate,C+
2998,4859,4859,1031,49,60,60,162,6/8/1994,Master,B-
2397,4194,4194,471,43,100,100,186,12/5/1992,Doctorate,F-
1477,4359,4359,3949,24,100,100,189,9/20/1993,Ph.D.,F+
3178,4639,4639,3463,34,68,68,164,12/6/1988,Doctorate,A-
596,1882,1882,3008,38,55,55,187,9/30/1993,Master,B-
3413,3033,3033,1277,54,75,75,185,9/24/1988,Bachelor,B+
2307,3974,3974,846,55,105,105,170,2/6/1988,Bachelor,D+
3954,761,761,4549,32,94,94,169,9/18/1988,Doctorate,B+
3919,651,651,4854,34,85,85,169,5/8/1998,Doctorate,F-
231,951,951,1467,54,102,102,166,9/3/1994,Master,F-
4324,3203,3203,4824,24,67,67,199,11/3/1996,Doctorate,B+
1802,4469,4469,2392,35,59,59,162,8/28/1997,Master,A+
346,4054,4054,3108,42,103,103,170,3/28/1993,Bachelor,B-
4889,831,831,1842,41,92,92,171,9/17/1989,Bachelor,F+
211,3618,3618,1992,23,87,87,152,2/18/1989,Ph.D.,A-
1236,961,961,1146,28,86,86,168,11/24/1987,Master,F+
3363,401,401,4839,27,74,74,162,12/6/1992,Master,C-
3603,2718,2718,1772,26,76,76,154,8/20/1988,Master,C-
4349,2337,2337,2267,44,68,68,151,5/8/1992,Doctorate,D+
2693,1957,1957,1982,24,84,84,178,10/15/1990,Bachelor,F-
2613,2693,2693,4604,53,71,71,187,2/29/1988,Doctorate,A+
2252,3428,3428,4274,35,91,91,172,4/2/1989,Master,F-
726,1231,1231,1161,27,88,88,191,9/16/1992,Doctorate,C-
2447,1507,1507,1101,26,51,51,159,2/3/1988,Ph.D.,C-
3023,1106,1106,4039,29,51,51,173,12/18/1989,Master,C-
631,4884,4884,1612,21,89,89,197,6/20/1996,Doctorate,F-
1442,1682,1682,1091,33,52,52,180,3/19/1985,Ph.D.,C-
4759,856,856,2848,49,104,104,199,12/28/1994,Bachelor,A+
381,4479,4479,156,23,67,67,176,3/3/1997,Doctorate,B+
1146,4149,4149,3033,36,78,78,168,9/7/1998,Ph.D.,D+
806,4094,4094,2142,25,99,99,153,7/28/1993,Ph.D.,D+
3483,3383,3383,2437,23,54,54,167,9/16/1995,Doctorate,A+
3809,4739,4739,266,56,86,86,160,10/21/1992,Master,C-
1907,2392,2392,146,31,90,90,182,11/14/1987,Ph.D.,B-
446,4579,4579,1342,21,82,82,182,6/8/1992,Doctorate,F-
4869,701,701,4474,34,98,98,198,10/16/1990,Doctorate,C+
3128,3143,3143,3844,49,72,72,153,9/29/1992,Bachelor,F-
651,4439,4439,4944,43,57,57,200,5/6/1985,Master,A-
4369,1367,1367,3523,33,53,53,166,5/22/1988,Bachelor,F+
2953,4989,4989,396,54,102,102,154,4/2/1987,Ph.D.,D+
3859,4389,4389,4089,54,80,80,171,8/23/1993,Doctorate,B-
1011,606,606,2578,44,106,106,198,2/7/1994,Master,F-
2392,706,706,1096,24,96,96,190,1/27/1993,Ph.D.,A+
761,2548,2548,1852,35,85,85,188,10/24/1993,Master,A+
1537,26,26,3228,38,109,109,191,10/11/1990,Ph.D.,B+
3914,41,41,4874,36,82,82,179,11/24/1992,Ph.D.,A+
3203,2998,2998,4949,39,91,91,168,1/31/1994,Master,B-
2122,3668,3668,1892,26,53,53,173,3/16/1996,Bachelor,F-
4599,3678,3678,1977,59,86,86,180,4/5/1986,Bachelor,C+
2663,611,611,4239,25,94,94,151,6/2/1989,Ph.D.,A-
3053,1191,1191,1557,42,87,87,153,8/25/1985,Ph.D.,D+
366,3979,3979,46,22,59,59,180,5/10/1992,Ph.D.,D+
4789,301,301,4749,35,68,68,198,11/1/1998,Doctorate,F+
1647,2127,2127,2157,46,108,108,185,5/1/1998,Bachelor,F-
756,3408,3408,241,30,67,67,179,7/12/1995,Bachelor,D+
4489,76,76,4644,56,60,60,173,6/6/1997,Doctorate,C+
3799,1267,1267,1171,42,70,70,190,9/15/1998,Bachelor,D+
21,3854,3854,1081,47,87,87,174,6/7/1990,Ph.D.,C+
4019,3373,3373,1307,53,93,93,162,2/13/1993,Doctorate,D+
2783,506,506,3849,52,63,63,192,11/29/1988,Master,B+
121,2417,2417,3073,33,95,95,184,9/28/1987,Bachelor,F-
4374,2272,2272,4504,49,91,91,150,6/2/1998,Doctorate,B-
16,2057,2057,1872,31,92,92,184,6/18/1993,Bachelor,F-
1352,4559,4559,961,25,59,59,150,11/30/1987,Master,F-
1767,881,881,1051,55,64,64,161,5/28/1993,Master,C+
4614,726,726,4904,39,107,107,175,2/18/1988,Bachelor,C+
3008,2893,2893,3253,39,54,54,187,2/23/1993,Bachelor,B+
1632,1637,1637,1041,43,55,55,176,6/28/1986,Bachelor,D+
936,61,61,4304,31,61,61,150,3/5/1988,Master,D+
4779,216,216,4299,46,99,99,155,10/9/1994,Doctorate,B+
3643,4059,4059,3979,47,70,70,180,12/1/1995,Ph.D.,D-
181,2387,2387,4684,22,61,61,165,2/7/1986,Master,B-
3468,4294,4294,2027,29,80,80,178,5/28/1989,Doctorate,A-
2317,2743,2743,3348,50,66,66,185,6/12/1989,Master,A-
476,3593,3593,1221,37,104,104,153,4/16/1991,Ph.D.,D-
2172,756,756,3398,49,106,106,188,8/21/1995,Bachelor,B+
621,1622,1622,3403,46,50,50,165,7/27/1993,Doctorate,D-
1497,2983,2983,1417,22,71,71,166,8/8/1992,Master,A-
2913,2723,2723,3468,46,106,106,184,9/9/1990,Master,B-
336,2613,2613,3278,54,87,87,152,9/30/1996,Master,D-
3769,1937,1937,801,35,76,76,173,11/6/1987,Bachelor,F-
921,2623,2623,1727,59,97,97,159,1/3/1990,Bachelor,C-
606,2407,2407,296,46,98,98,155,3/19/1990,Doctorate,C+
2052,2603,2603,4409,56,105,105,169,1/31/1988,Ph.D.,F+
4694,776,776,3648,28,55,55,173,1/31/1985,Bachelor,F+
426,2222,2222,4204,32,52,52,188,2/28/1997,Ph.D.,D+
616,4364,4364,2017,58,67,67,162,10/5/1988,Doctorate,F+
2808,1462,1462,2668,47,63,63,177,10/20/1985,Bachelor,D+
1717,1727,1727,4419,41,74,74,156,1/13/1987,Doctorate,B+
901,361,361,1186,36,92,92,157,7/11/1993,Ph.D.,D-
4514,421,421,2643,55,68,68,160,5/2/1998,Master,F+
551,4134,4134,1292,52,86,86,173,8/11/1988,Master,C-
2818,1737,1737,281,29,109,109,178,5/4/1989,Bachelor,B-
4764,2528,2528,4779,23,75,75,165,1/12/1994,Doctorate,C+
1547,1892,1892,4139,57,69,69,186,12/2/1989,Ph.D.,F-
1472,436,436,226,53,74,74,153,12/7/1989,Master,B+
3308,3103,3103,191,42,69,69,158,1/11/1997,Master,B-
2758,2237,2237,4624,28,74,74,156,2/8/1991,Master,B-
3378,4354,4354,3688,43,98,98,193,6/24/1992,Ph.D.,B-
3083,4369,4369,391,42,77,77,170,12/31/1992,Master,A-
1927,4514,4514,4009,52,69,69,171,1/25/1996,Ph.D.,C+
2102,1552,1552,2107,23,88,88,168,12/11/1997,Master,F-
2022,4279,4279,1131,26,68,68,154,2/14/1994,Master,B-
2963,4459,4459,3213,30,51,51,187,1/18/1998,Bachelor,B-
3864,3298,3298,1997,38,73,73,158,4/10/1993,Ph.D.,D-
4264,821,821,3598,20,65,65,153,10/15/1992,Doctorate,B+
3989,3543,3543,2327,31,83,83,163,4/17/1985,Master,C+
1166,2107,2107,2132,59,89,89,175,10/27/1990,Master,A+
1572,1236,1236,4469,46,90,90,170,9/23/1992,Ph.D.,F-
4449,4599,4599,2713,51,79,79,194,1/14/1989,Bachelor,D+
4934,4344,4344,1206,56,90,90,183,12/17/1990,Bachelor,D-
4409,4484,4484,3653,39,65,65,155,3/21/1997,Bachelor,C-
1747,4689,4689,4529,47,64,64,178,6/21/1989,Doctorate,C+
3018,2287,2287,2913,20,74,74,182,6/28/1985,Ph.D.,A+
2137,4024,4024,3698,29,87,87,160,1/26/1994,Doctorate,A+
1952,1502,1502,1622,26,86,86,152,2/21/1997,Bachelor,A+
2152,2182,2182,1121,28,54,54,166,5/16/1988,Doctorate,D-
4874,1817,1817,2092,25,101,101,173,9/11/1989,Bachelor,A-
2853,4109,4109,1352,37,85,85,156,7/31/1998,Bachelor,C-
4024,2422,2422,1257,50,56,56,162,6/23/1996,Doctorate,C-
2533,346,346,1937,39,79,79,151,4/17/1995,Doctorate,B-
4564,1211,1211,3143,60,96,96,186,8/28/1987,Master,D+
2788,3443,3443,2553,33,102,102,198,10/31/1995,Bachelor,F+
556,386,386,4664,55,100,100,172,5/31/1990,Ph.D.,F-
3553,1407,1407,4194,59,75,75,164,3/15/1988,Bachelor,C-
4034,1632,1632,4569,29,83,83,162,6/6/1998,Ph.D.,F-
4469,3418,3418,4934,34,82,82,165,5/9/1997,Master,A+
4444,56,56,86,37,67,67,194,2/19/1992,Ph.D.,D+
41,3148,3148,331,43,86,86,198,3/24/1994,Bachelor,D-
2457,2688,2688,481,45,70,70,150,5/13/1987,Doctorate,B+
706,3208,3208,951,29,78,78,188,7/3/1996,Ph.D.,F+
1737,1221,1221,2783,45,53,53,195,10/30/1994,Doctorate,D+
4139,1977,1977,4764,53,73,73,154,7/25/1987,Bachelor,A+
3473,2157,2157,1922,24,106,106,172,5/14/1998,Ph.D.,F-
2117,576,576,761,30,73,73,165,1/29/1993,Bachelor,B+
3163,4184,4184,3668,23,81,81,177,10/18/1998,Doctorate,D+
1627,3218,3218,856,54,76,76,152,2/27/1986,Ph.D.,A-
3548,1782,1782,1882,59,56,56,185,12/31/1996,Doctorate,D+
736,4814,4814,2698,55,85,85,165,9/22/1998,Bachelor,B-
3273,126,126,3068,20,92,92,164,4/2/1994,Master,D+
2868,2838,2838,2187,52,73,73,187,11/8/1990,Ph.D.,F+
771,2062,2062,4539,36,105,105,158,12/25/1995,Master,B-
3103,111,111,4534,39,66,66,187,5/21/1992,Ph.D.,F+
3513,3323,3323,2563,43,51,51,175,11/12/1992,Doctorate,B-
1792,3118,3118,1847,31,66,66,173,12/1/1996,Ph.D.,F+
4309,1146,1146,816,52,101,101,197,8/24/1996,Doctorate,F+
4774,286,286,3163,41,92,92,150,3/1/1989,Ph.D.,A-
2813,806,806,4799,36,108,108,193,9/19/1992,Ph.D.,B-
1292,3999,3999,3939,44,80,80,152,7/24/1992,Ph.D.,A+
3779,1532,1532,2222,29,56,56,163,1/10/1998,Ph.D.,F+
1932,1992,1992,171,20,79,79,150,10/12/1997,Doctorate,C-
546,3774,3774,956,54,102,102,165,7/24/1986,Ph.D.,F+
1372,3388,3388,2177,30,102,102,151,8/23/1992,Bachelor,C-
2558,1607,1607,1692,32,78,78,188,2/14/1997,Doctorate,C-
3268,3003,3003,2518,42,51,51,174,7/20/1994,Doctorate,C-
2988,1537,1537,1722,57,96,96,174,6/4/1986,Ph.D.,B-
1091,4649,4649,4579,50,50,50,179,4/4/1994,Bachelor,C+
191,2653,2653,1492,41,71,71,166,7/26/1996,Master,F-
1592,3658,3658,1076,20,108,108,157,7/24/1997,Bachelor,F-
2948,2447,2447,2858,20,107,107,167,2/19/1989,Ph.D.,F-
1562,1432,1432,521,33,89,89,183,6/4/1992,Doctorate,C+
2618,3093,3093,4034,31,75,75,157,11/24/1990,Doctorate,C+
3693,176,176,766,53,61,61,181,6/10/1995,Master,C-
3633,131,131,2628,21,53,53,167,10/8/1987,Master,A+
641,4244,4244,596,57,96,96,168,1/2/1996,Doctorate,B-
3333,3994,3994,3889,50,103,103,161,7/25/1998,Ph.D.,D-
81,1647,1647,2758,31,81,81,186,11/22/1992,Doctorate,C-
4589,171,171,21,20,72,72,187,11/9/1994,Master,A+
4734,2197,2197,1367,36,99,99,182,12/22/1988,Ph.D.,D-
141,2347,2347,4924,47,97,97,187,4/14/1995,Ph.D.,A+
516,161,161,3438,56,83,83,196,6/12/1991,Master,B-
2087,1016,1016,3944,56,110,110,175,4/9/1994,Bachelor,F-
3383,4624,4624,1932,58,95,95,181,11/5/1997,Doctorate,F+
2127,4129,4129,4809,38,59,59,161,3/18/1996,Ph.D.,C-
91,3413,3413,4439,39,56,56,180,12/6/1989,Master,C+
3884,3138,3138,4059,42,86,86,151,5/25/1995,Doctorate,B+
4684,91,91,2598,23,88,88,161,11/13/1988,Ph.D.,F-
1662,2543,2543,941,53,77,77,150,1/6/1988,Master,D-
3879,3348,3348,2933,51,100,100,182,2/9/1989,Ph.D.,D-
2062,336,336,3093,28,63,63,196,9/30/1989,Bachelor,C-
2187,4069,4069,531,36,62,62,178,9/22/1986,Ph.D.,F-
436,31,31,3318,54,63,63,152,9/21/1992,Doctorate,A+
276,4869,4869,3443,23,71,71,177,7/26/1992,Bachelor,A-
2563,2212,2212,796,31,104,104,190,8/16/1996,Bachelor,B-
4939,1312,1312,4514,43,94,94,162,9/10/1997,Bachelor,D-
891,1802,1802,4164,34,60,60,190,4/27/1993,Ph.D.,C-
4714,281,281,926,22,52,52,188,1/19/1994,Ph.D.,D-
3248,1166,1166,4404,54,60,60,192,7/13/1990,Master,C+
3573,1006,1006,906,24,52,52,182,5/15/1991,Bachelor,A+
3293,2553,2553,3363,25,75,75,179,10/11/1986,Doctorate,C+
1126,1297,1297,1317,40,67,67,172,3/13/1993,Doctorate,D+
1757,1392,1392,3173,38,69,69,180,12/16/1989,Doctorate,F+
2743,4759,4759,1377,30,94,94,155,2/10/1997,Ph.D.,F-
3964,251,251,2417,51,107,107,178,2/7/1987,Master,C-
2578,1867,1867,556,53,94,94,151,8/10/1996,Bachelor,B+
636,1562,1562,1372,25,98,98,184,11/20/1991,Bachelor,B-
2518,291,291,1807,41,75,75,181,12/13/1990,Bachelor,D+
2442,736,736,221,52,52,52,192,4/4/1988,Bachelor,C+
1527,2437,2437,631,23,78,78,150,5/18/1988,Ph.D.,C+
2182,2783,2783,4464,50,53,53,196,6/9/1989,Bachelor,D+
4319,1452,1452,106,47,95,95,168,6/24/1991,Master,D+
3748,2573,2573,236,35,105,105,192,4/29/1993,Doctorate,D-
2708,1111,1111,4814,22,82,82,193,3/23/1996,Master,B-
3628,3603,3603,2838,37,85,85,171,3/5/1986,Bachelor,F-
146,4399,4399,491,54,58,58,198,11/19/1998,Ph.D.,C+
3033,2342,2342,1111,38,97,97,181,12/24/1992,Ph.D.,D+
3949,936,936,2733,34,97,97,167,1/23/1991,Ph.D.,A-
4569,1762,1762,2357,51,70,70,181,1/25/1997,Master,D-
3278,2933,2933,1987,46,76,76,170,9/1/1994,Ph.D.,A+
1307,4674,4674,511,54,100,100,155,5/3/1992,Bachelor,D-
2778,2958,2958,186,24,85,85,187,10/10/1987,Doctorate,A-
1602,4794,4794,4654,45,85,85,151,5/8/1988,Doctorate,B+
1282,16,16,1682,55,104,104,158,7/23/1997,Bachelor,D-
2673,416,416,3769,52,55,55,174,11/22/1997,Master,B+
2528,3984,3984,3028,24,88,88,185,1/8/1998,Ph.D.,A-
4884,2993,2993,861,45,79,79,164,3/6/1987,Bachelor,A-
4609,1857,1857,691,39,99,99,184,8/31/1998,Bachelor,F+
4329,851,851,4334,37,109,109,194,7/4/1987,Master,C+
1191,3468,3468,4959,51,104,104,188,4/27/1996,Doctorate,B+
2848,2177,2177,4169,53,74,74,156,10/16/1995,Ph.D.,C-
2733,486,486,1507,46,96,96,155,10/14/1987,Master,F-
2487,2878,2878,2813,25,74,74,177,10/17/1996,Master,C-
4709,666,666,4844,52,90,90,199,4/26/1986,Doctorate,C+
2262,4104,4104,1662,38,82,82,191,8/4/1990,Doctorate,F+
776,4254,4254,4434,50,90,90,170,1/16/1989,Master,B-
1402,81,81,2112,20,54,54,193,5/4/1998,Bachelor,F+
3048,441,441,4919,59,83,83,161,3/2/1993,Master,F-
1101,3588,3588,3193,39,85,85,161,10/10/1985,Bachelor,F+
2553,446,446,4869,54,52,52,181,12/16/1995,Ph.D.,D-
3448,1352,1352,2993,36,108,108,167,5/19/1986,Ph.D.,B+
2047,1186,1186,676,49,98,98,191,9/1/1988,Ph.D.,F-
4159,2768,2768,3573,52,65,65,166,12/7/1986,Master,D+
1552,4329,4329,2633,46,101,101,168,3/15/1995,Doctorate,A-
26,3498,3498,1512,38,78,78,164,10/27/1993,Master,A+
1181,4119,4119,461,48,84,84,151,9/28/1996,Ph.D.,C-
1687,2708,2708,4714,51,67,67,171,11/1/1997,Ph.D.,A+
1502,526,526,4279,23,102,102,183,6/6/1996,Master,B-
501,1707,1707,1702,33,93,93,163,3/12/1994,Doctorate,B-
3218,2277,2277,2603,35,76,76,177,8/4/1993,Doctorate,F+
406,3864,3864,3673,26,83,83,164,11/27/1996,Ph.D.,B+
3358,1927,1927,1407,25,61,61,159,6/19/1997,Ph.D.,A+
4354,4234,4234,2242,51,108,108,166,7/16/1989,Master,F+
711,3223,3223,196,39,52,52,163,11/18/1987,Master,D-
3078,4694,4694,2197,42,58,58,190,10/11/1998,Master,A+
4879,2643,2643,4119,52,72,72,154,5/27/1991,Doctorate,C+
961,246,246,1502,33,56,56,195,5/11/1997,Master,B+
2097,1126,1126,3378,48,73,73,193,9/6/1986,Doctorate,D+
1742,2808,2808,3383,32,58,58,150,9/10/1992,Master,C+
3408,2302,2302,2868,35,59,59,152,11/3/1995,Master,C+
3288,4169,4169,586,50,109,109,153,12/12/1995,Master,B-
3488,616,616,2878,30,90,90,173,12/27/1986,Bachelor,A+
2628,2648,2648,4509,58,79,79,179,1/19/1985,Bachelor,C+
3443,3829,3829,176,55,89,89,169,10/4/1997,Bachelor,D-
4749,1196,1196,3088,55,90,90,150,3/23/1990,Master,B+
2803,3874,3874,1837,49,52,52,154,3/29/1997,Doctorate,F+
1752,781,781,891,58,72,72,180,2/26/1992,Bachelor,A+
4674,266,266,2397,30,96,96,161,12/18/1991,Doctorate,A-
666,1121,1121,4669,26,64,64,192,1/8/1989,Master,D+
4439,3568,3568,3974,59,98,98,170,3/16/1989,Ph.D.,B-
1807,1612,1612,661,28,71,71,157,7/5/1985,Doctorate,A+
1447,2923,2923,2828,25,70,70,161,8/11/1992,Bachelor,F-
321,3914,3914,421,29,109,109,196,6/19/1995,Ph.D.,F+
5000,2608,2608,2608,38,92,92,169,2/20/1996,Master,A+
2508,3959,3959,2347,50,98,98,163,9/18/1993,Master,C-
4174,2898,2898,4064,35,84,84,170,1/7/1988,Bachelor,F+
1156,4464,4464,2202,37,86,86,183,8/2/1994,Bachelor,C+
186,4144,4144,2528,37,59,59,173,7/24/1993,Master,D+
4509,2558,2558,2317,32,50,50,184,7/5/1994,Doctorate,C-
3558,1387,1387,721,29,51,51,192,3/21/1998,Doctorate,A-
656,1307,1307,4154,22,70,70,160,6/13/1995,Ph.D.,B+
1822,921,921,1046,46,109,109,170,3/30/1993,Doctorate,B-
4244,4099,4099,2072,46,68,68,161,10/8/1989,Master,D-
2482,1657,1657,3273,56,79,79,172,10/7/1992,Master,A+
1887,311,311,321,49,82,82,183,1/14/1991,Ph.D.,F-
1287,3393,3393,4719,32,88,88,178,4/13/1991,Ph.D.,A-
2638,3879,3879,1787,48,98,98,168,8/17/1994,Ph.D.,B+
1587,3633,3633,1472,43,53,53,158,8/2/1986,Master,D-
4754,5000,5000,2492,34,50,50,198,7/2/1992,Ph.D.,F+
2277,2843,2843,3764,47,92,92,182,4/5/1997,Bachelor,F+
531,2668,2668,2613,21,93,93,173,5/13/1994,Bachelor,C-
4199,4939,4939,1517,43,108,108,171,8/8/1989,Doctorate,C-
326,2563,2563,2948,41,60,60,178,1/4/1993,Doctorate,F+
2017,1902,1902,1752,31,58,58,180,1/23/1996,Ph.D.,B-
2287,3343,3343,3638,26,77,77,177,1/28/1993,Bachelor,F-
1722,1071,1071,3013,40,108,108,191,4/30/1991,Ph.D.,C+
31,4334,4334,2503,22,103,103,191,2/12/1991,Master,B+
3418,296,296,4199,32,70,70,179,8/8/1990,Ph.D.,B+
4974,4644,4644,4349,20,70,70,167,12/14/1998,Doctorate,F+
3528,3353,3353,666,48,67,67,177,11/3/1993,Doctorate,F+
4844,3308,3308,1156,51,90,90,159,3/13/1998,Bachelor,C-
2768,2137,2137,1592,20,88,88,184,3/11/1991,Doctorate,A+
4969,2883,2883,2908,41,71,71,156,4/26/1992,Doctorate,D-
1136,4044,4044,4374,22,106,106,181,9/29/1989,Doctorate,A-
196,2142,2142,3063,48,106,106,167,2/22/1985,Bachelor,C-
2197,4029,4029,1767,50,94,94,196,4/4/1991,Doctorate,C+
3979,21,21,2057,25,68,68,159,9/1/1996,Bachelor,C-
2327,4214,4214,2843,38,66,66,160,3/2/1991,Bachelor,A-
1962,971,971,2007,23,52,52,196,10/26/1988,Doctorate,C-
1787,1201,1201,641,28,96,96,162,7/8/1998,Master,C+
1021,911,911,3869,28,84,84,164,9/25/1996,Master,B-
3728,511,511,3824,24,88,88,161,6/5/1992,Doctorate,A-
271,2452,2452,4599,27,55,55,157,11/9/1992,Master,A+
1312,1692,1692,1181,41,109,109,166,2/27/1991,Bachelor,D+
3153,1397,1397,1462,38,101,101,160,9/14/1989,Doctorate,B+
2773,181,181,1262,59,91,91,176,8/10/1985,Doctorate,F+
3648,3478,3478,2548,47,80,80,165,2/4/1991,Bachelor,F-
2928,3333,3333,2457,21,54,54,174,8/15/1991,Bachelor,A+
3909,551,551,1862,55,74,74,171,10/18/1997,Master,A-
2212,2798,2798,2387,40,58,58,179,8/8/1985,Master,C-
2167,3608,3608,2167,40,61,61,163,1/15/1990,Master,D-
1246,1282,1282,2377,43,69,69,172,10/8/1992,Doctorate,A+
4499,3809,3809,2793,34,80,80,198,2/11/1993,Ph.D.,C-
1777,116,116,3418,57,105,105,182,11/3/1997,Master,B+
2472,3869,3869,4314,38,51,51,174,10/10/1992,Doctorate,F+
4379,1,1,1712,25,108,108,178,12/13/1996,Ph.D.,F-
4554,866,866,1642,23,107,107,193,4/30/1985,Master,C-
4464,1447,1447,4024,55,72,72,176,8/21/1989,Bachelor,F-
2983,1422,1422,966,46,62,62,156,9/28/1993,Ph.D.,D-
1842,4614,4614,946,57,55,55,163,1/30/1987,Bachelor,F+
2738,2698,2698,2062,37,73,73,197,11/13/1998,Master,B+
2427,3748,3748,671,56,71,71,156,6/14/1998,Doctorate,F-
4059,3058,3058,2638,50,66,66,192,7/14/1991,Master,F+
416,3824,3824,1086,40,76,76,155,11/25/1998,Doctorate,A-
1462,1246,1246,4729,49,67,67,155,10/8/1991,Doctorate,C-
926,1272,1272,2342,21,58,58,164,7/31/1994,Master,C+
1367,2713,2713,1397,41,67,67,193,11/29/1993,Doctorate,F+
1106,3964,3964,311,59,56,56,177,12/24/1997,Bachelor,B+
2903,721,721,1151,48,108,108,174,9/18/1996,Ph.D.,D+
2598,4959,4959,4734,59,63,63,178,11/18/1995,Doctorate,F+
2793,4684,4684,2277,41,71,71,174,6/18/1997,Master,B+
506,3578,3578,3854,53,54,54,169,9/19/1988,Master,D-
1512,3493,3493,1282,36,65,65,187,11/20/1987,Master,F+
1141,396,396,4134,51,93,93,155,4/5/1998,Doctorate,A+
1997,2988,2988,141,43,62,62,161,5/3/1995,Bachelor,C+
261,3653,3653,3633,30,58,58,176,11/9/1995,Bachelor,A+
4839,2027,2027,3023,41,85,85,191,2/5/1991,Doctorate,A+
3233,1947,1947,4584,41,50,50,151,9/23/1996,Doctorate,B+
4719,646,646,4414,43,103,103,150,12/3/1985,Master,F+
"The data in the CSV file lists three IDs of 1000 unique person with several other attributes like their Age, Weight, Height, Date of Birth, last completed study and corresponding study grade.",,,,,,,,,,
,,,,,,,,,,
,,,,,,,,,,
